word,rank
the,1
be,2
to,3
of,4
and,5
a,6
in,7
that,8
have,9
I,10
it,11
for,12
not,13
on,14
with,15
he,16
as,17
you,18
do,19
at,20
this,21
but,22
his,23
by,24
from,25
they,26
we,27
say,28
her,29
she,30
or,31
an,32
will,33
my,34
one,35
all,36
would,37
there,38
their,39
what,40
so,41
up,42
out,43
if,44
about,45
who,46
get,47
which,48
go,49
me,50
make,51
can,52
time,53
year,54
people,55
take,56
into,57
just,58
know,59
good,60
come,61
could,62
think,63
see,64
want,65
look,66
also,67
find,68
tell,69
give,70
use,71
work,72
call,73
first,74
well,75
even,76
new,77
because,78
any,79
these,80
give,81
day,82
most,83
us,84
important,85
after,86
back,87
little,88
only,89
round,90
man,91
year,92
come,93
good,94
take,95
think,96
help,97
great,98
where,99
through,100
much,101
before,102
right,103
too,104
same,105
old,106
picture,107
young,108
turn,109
cause,110
point,111
form,112
off,113
child,114
few,115
small,116
since,117
against,118
ask,119
late,120
home,121
interest,122
large,123
person,124
end,125
open,126
public,127
follow,128
during,129
present,130
without,131
again,132
hold,133
govern,134
around,135
possible,136
head,137
consider,138
word,139
program,140
problem,141
however,142
lead,143
system,144
set,145
order,146
eye,147
plan,148
run,149
keep,150
face,151
fact,152
group,153
play,154
stand,155
increase,156
early,157
course,158
change,159
help,160
line,161
analysis,162
result,163
change,164
offer,165
support,166
information,167
experience,168
evidence,169
attention,170
decision,171
process,172
position,173
relationship,174
environment,175
method,176
development,177
approach,178
benefit,179
technology,180
significant,181
particular,182
investment,183
management,184
opportunity,185
economic,186
political,187
establishment,188
infrastructure,189
organization,190
implementation,191
fundamental,192
effectiveness,193
contribution,194
sustainable,195
comprehensive,196
methodological,197
interdisciplinary,198
multidimensional,199
sophisticated,200
revolutionary,201
paradigmatic,202
theoretical,203
conceptual,204
learning,205
speaking,206
better,207
study,208
student,209
teacher,210
school,211
education,212
language,213
english,214
vocabulary,215
grammar,216
reading,217
writing,218
listening,219
understand,220
practice,221
improve,222
develop,223
skill,224
knowledge,225
ability,226
communication,227
conversation,228
discussion,229
question,230
answer,231
example,232
lesson,233
class,234
course,235
material,236
resource,237
information,238
technology,239
computer,240
internet,241
online,242
digital,243
platform,244
application,245
software,246
system,247
network,248
data,249
database,250
